{"stat.useItem.minecraft.iron_axe":71,"stat.leaveGame":1,"stat.mineBlock.minecraft.cobblestone":2,"stat.pickup.minecraft.stone_pickaxe":2,"stat.pickup.minecraft.flint":11,"stat.craftItem.minecraft.iron_axe":1,"stat.mineBlock.srparasites.gore":2,"stat.swimOneCm":8016,"stat.entityKilledBy.techguns.ZombieFarmer":1,"stat.pickup.minecraft.cooked_porkchop":29,"stat.pickup.minecraft.porkchop":21,"stat.useItem.minecraft.dirt":13,"stat.useItem.minecraft.stone_slab2":14,"stat.craftItem.minecraft.stone_pickaxe":3,"stat.pickup.minecraft.cobblestone":619,"stat.flyOneCm":240437,"stat.killEntity.techguns.ZombieFarmer":1,"stat.mineBlock.minecraft.iron_ore":19,"stat.timeSinceDeath":18846,"stat.useItem.minecraft.iron_pickaxe":204,"stat.pickup.minecraft.mutton":5,"stat.killEntity.techguns.SkeletonSoldier":1,"stat.pickup.techguns.basicore":8,"stat.furnaceInteraction":22,"stat.useItem.minecraft.cooked_porkchop":5,"stat.pickup.minecraft.iron_shovel":2,"stat.mineBlock.minecraft.coal_ore":59,"stat.pickup.srparasites.lurecomponent1":1,"stat.pickup.minecraft.shield":5,"stat.pickup.techguns.t1_combat_helmet":1,"stat.pickup.minecraft.string":2,"stat.useItem.minecraft.cooked_mutton":3,"stat.pickup.minecraft.furnace":1,"stat.pickup.techguns.t1_scout_helmet":4,"stat.sprintOneCm":109358,"stat.craftItem.minecraft.stick":16,"stat.deaths":7,"stat.drop":1,"stat.playOneMinute":78594,"stat.craftItem.minecraft.iron_pickaxe":1,"stat.mineBlock.minecraft.tallgrass":1,"stat.craftItem.minecraft.cooked_mutton":3,"stat.diveOneCm":47189,"stat.chestOpened":4,"stat.useItem.minecraft.stone":3,"stat.pickup.minecraft.gravel":49,"stat.pickup.minecraft.iron_sword":3,"stat.craftItem.minecraft.cooked_porkchop":2,"stat.useItem.minecraft.apple":1,"stat.jump":1988,"stat.pickup.minecraft.coal":60,"stat.fallOneCm":40905,"stat.pickup.minecraft.iron_ingot":15,"stat.pickup.minecraft.gunpowder":2,"stat.crouchOneCm":35662,"stat.craftItem.minecraft.iron_ingot":12,"stat.craftItem.minecraft.torch":20,"stat.pickup.minecraft.dirt":113,"stat.pickup.minecraft.iron_ore":29,"stat.craftingTableInteraction":9,"stat.pickup.techguns.revolver":1,"stat.useItem.minecraft.sapling":1,"stat.entityKilledBy.techguns.SkeletonSoldier":2,"stat.pickup.minecraft.iron_axe":2,"stat.pickup.minecraft.wooden_pickaxe":3,"stat.damageTaken":2640,"stat.pickup.minecraft.leather":2,"stat.killEntity.techguns.ZombieMiner":1,"stat.mineBlock.minecraft.torch":1,"stat.useItem.minecraft.wooden_pickaxe":8,"stat.pickup.minecraft.planks":20,"stat.mineBlock.minecraft.gravel":52,"stat.useItem.minecraft.stone_pickaxe":313,"stat.useItem.minecraft.stone_sword":3,"stat.damageDealt":1931,"stat.mineBlock.minecraft.dirt":66,"stat.killEntity.Pig":8,"stat.craftItem.minecraft.iron_sword":1,"stat.mineBlock.minecraft.monster_egg":1,"stat.pickup.techguns.itemshared":16,"stat.walkOneCm":136663,"stat.useItem.minecraft.torch":7,"stat.useItem.minecraft.bread":1,"stat.playerKills":1,"stat.pickup.minecraft.stick":4,"stat.useItem.minecraft.cobblestone":71,"stat.mineBlock.techguns.basicore":8,"stat.craftItem.minecraft.crafting_table":2,"stat.useItem.minecraft.gravel":1,"stat.pickup.techguns.thompson":1,"stat.pickup.minecraft.log":98,"stat.pickup.minecraft.iron_pickaxe":1,"stat.pickup.minecraft.stone":48,"stat.drop.minecraft.sapling":1,"stat.pickup.minecraft.sapling":4,"stat.pickup.minecraft.apple":2,"stat.craftItem.minecraft.planks":36,"stat.useItem.minecraft.iron_sword":29,"stat.killEntity.Spider":1,"stat.pickup.minecraft.stone_sword":2,"stat.pickup.minecraft.bread":3,"stat.mobKills":13,"stat.mineBlock.minecraft.log":76,"stat.mineBlock.minecraft.leaves":30,"stat.pickup.minecraft.torch":8,"stat.sneakTime":17382,"stat.pickup.minecraft.wool":4,"stat.mineBlock.minecraft.stone":388}