{"stat.drop.minecraft.stone_pickaxe":1,"stat.leaveGame":3,"stat.mineBlock.minecraft.cobblestone":14,"stat.pickup.minecraft.stone_pickaxe":4,"stat.pickup.minecraft.flint":14,"stat.entityKilledBy.techguns.ZombieMiner":1,"stat.craftItem.minecraft.iron_axe":1,"stat.drop.minecraft.shield":1,"stat.swimOneCm":9381,"stat.entityKilledBy.techguns.ZombieFarmer":1,"stat.craftItem.minecraft.shield":2,"stat.pickup.minecraft.cooked_porkchop":30,"stat.killEntity.techguns.ZombieSoldier":2,"stat.pickup.minecraft.porkchop":31,"stat.useItem.minecraft.dirt":8,"stat.useItem.minecraft.stone_slab2":19,"stat.craftItem.minecraft.furnace":2,"stat.craftItem.minecraft.stone_pickaxe":2,"stat.pickup.minecraft.cobblestone":721,"stat.pickup.minecraft.wooden_hoe":1,"stat.craftItem.minecraft.stone_sword":2,"stat.flyOneCm":212950,"stat.craftItem.techguns.handcannon":1,"stat.killEntity.techguns.ZombieFarmer":2,"stat.pickup.minecraft.redstone":1,"stat.mineBlock.minecraft.iron_ore":32,"stat.timeSinceDeath":30214,"stat.useItem.minecraft.iron_pickaxe":191,"stat.craftItem.minecraft.wooden_pickaxe":1,"stat.pickup.minecraft.mutton":15,"stat.killEntity.techguns.SkeletonSoldier":3,"stat.furnaceInteraction":25,"stat.drop.techguns.t1_scout_helmet":1,"stat.drop.minecraft.dirt":1,"stat.useItem.minecraft.cooked_porkchop":5,"stat.pickup.minecraft.iron_shovel":1,"stat.mineBlock.minecraft.coal_ore":57,"stat.pickup.srparasites.lurecomponent1":8,"stat.pickup.minecraft.shield":6,"stat.pickup.techguns.t1_combat_helmet":1,"stat.pickup.minecraft.string":2,"stat.pickup.minecraft.furnace":4,"stat.useItem.minecraft.cooked_mutton":2,"stat.pickup.techguns.t1_scout_helmet":1,"stat.craftItem.minecraft.stone_slab2":0,"stat.sprintOneCm":136867,"stat.craftItem.minecraft.stick":16,"stat.craftItem.techguns.t1_scout_helmet":1,"stat.craftItem.minecraft.stone":12,"stat.mineBlock.minecraft.crafting_table":5,"stat.useItem.minecraft.carrot":1,"stat.deaths":7,"stat.drop":9,"stat.playOneMinute":84228,"stat.killEntity.Sheep":4,"stat.pickup.techguns.t1_miner_helmet":1,"stat.craftItem.minecraft.iron_pickaxe":1,"stat.killEntity.Zombie":2,"stat.craftItem.minecraft.cooked_mutton":2,"stat.diveOneCm":43004,"stat.chestOpened":7,"stat.useItem.minecraft.stone":1,"stat.drop.minecraft.wooden_pickaxe":1,"stat.pickup.minecraft.gravel":118,"stat.pickup.minecraft.iron_sword":3,"stat.craftItem.minecraft.cooked_porkchop":9,"stat.useItem.minecraft.apple":1,"stat.jump":1572,"stat.pickup.minecraft.coal":181,"stat.fallOneCm":30980,"stat.pickup.minecraft.iron_ingot":43,"stat.pickup.minecraft.carrot":1,"stat.pickup.minecraft.gunpowder":3,"stat.crouchOneCm":11261,"stat.craftItem.minecraft.torch":8,"stat.craftItem.minecraft.iron_ingot":13,"stat.craftItem.minecraft.chest":1,"stat.pickup.minecraft.dirt":63,"stat.drop.minecraft.iron_shovel":1,"stat.craftingTableInteraction":24,"stat.pickup.minecraft.iron_ore":33,"stat.pickup.techguns.revolver":3,"stat.craftItem.minecraft.flint_and_steel":3,"stat.entityKilledBy.techguns.SkeletonSoldier":1,"stat.pickup.minecraft.wooden_pickaxe":3,"stat.damageTaken":2417,"stat.pickup.minecraft.leather":3,"stat.craftItem.techguns.revolver":2,"stat.mineBlock.minecraft.furnace":3,"stat.killEntity.techguns.ZombieMiner":4,"stat.useItem.minecraft.wooden_pickaxe":34,"stat.useItem.minecraft.furnace":1,"stat.pickup.minecraft.planks":46,"stat.mineBlock.minecraft.gravel":40,"stat.useItem.minecraft.stone_pickaxe":163,"stat.useItem.minecraft.stone_sword":83,"stat.damageDealt":3819,"stat.mineBlock.minecraft.dirt":21,"stat.killEntity.Pig":12,"stat.drop.minecraft.iron_axe":1,"stat.pickup.techguns.itemshared":41,"stat.walkOneCm":116428,"stat.useItem.minecraft.torch":12,"stat.useItem.minecraft.bread":6,"stat.pickup.minecraft.stick":25,"stat.pickup.minecraft.crafting_table":7,"stat.useItem.minecraft.cobblestone":27,"stat.useItem.minecraft.gravel":22,"stat.craftItem.techguns.t1_scout_chestplate":1,"stat.craftItem.minecraft.boat":1,"stat.pickup.techguns.thompson":1,"stat.pickup.minecraft.log":113,"stat.pickup.minecraft.iron_pickaxe":1,"stat.drop.minecraft.iron_ore":6,"stat.pickup.minecraft.stone":46,"stat.drop.minecraft.sapling":1,"stat.pickup.minecraft.sapling":2,"stat.pickup.minecraft.apple":3,"stat.craftItem.techguns.itemshared":40,"stat.craftItem.minecraft.planks":32,"stat.useItem.minecraft.iron_sword":4,"stat.pickup.minecraft.stone_sword":5,"stat.pickup.minecraft.bread":8,"stat.mobKills":34,"stat.mineBlock.minecraft.log":6,"stat.mineBlock.minecraft.leaves":9,"stat.pickup.minecraft.torch":16,"stat.sneakTime":5301,"stat.pickup.minecraft.wool":4,"stat.mineBlock.minecraft.stone":268}